ele,time,_lat,_lon
849.9,2019-02-12T19:58:09Z,42.33853287,-3.69739709
871.4,2019-02-12T19:58:28Z,42.33846773,-3.69733858
875.6,2019-02-12T20:07:46Z,42.33848697,-3.69734723
890.8,2019-02-12T20:36:25Z,42.33853066,-3.69730271
892.4,2019-02-12T20:48:54Z,42.33851092,-3.69736499
895.3,2019-02-12T21:02:12Z,42.33850821,-3.69729767
893.3,2019-02-12T21:06:12Z,42.33846326,-3.69729030
893.3,2019-02-12T21:07:32Z,42.33842406,-3.69732195
893.3,2019-02-12T21:09:04Z,42.33844116,-3.69738339
911.7,2019-02-12T21:17:53Z,42.33849677,-3.69734243
909.3,2019-02-12T21:18:08Z,42.33857326,-3.69735129
906.4,2019-02-12T21:18:28Z,42.33861889,-3.69735569
913.1,2019-02-12T21:22:02Z,42.33857960,-3.69732254
899.5,2019-02-12T21:54:27Z,42.33851662,-3.69733088
864.5,2019-02-13T07:57:20Z,42.33874139,-3.69738659
864.5,2019-02-13T07:57:31Z,42.33873999,-3.69731515
864.5,2019-02-13T07:57:36Z,42.33871429,-3.69737981
863.1,2019-02-13T07:57:39Z,42.33868898,-3.69743419
861.9,2019-02-13T07:57:42Z,42.33866960,-3.69750594
861.9,2019-02-13T07:57:44Z,42.33866283,-3.69756953
861.9,2019-02-13T07:57:46Z,42.33865762,-3.69763695
861.9,2019-02-13T07:57:48Z,42.33865166,-3.69769960
860.8,2019-02-13T07:57:51Z,42.33863561,-3.69777952
860.8,2019-02-13T07:57:54Z,42.33861573,-3.69784276
860.8,2019-02-13T07:57:57Z,42.33858911,-3.69791026
860.8,2019-02-13T07:58:00Z,42.33856048,-3.69797394
863.3,2019-02-13T07:58:03Z,42.33853575,-3.69803244
865.9,2019-02-13T07:58:06Z,42.33850820,-3.69808783
868.5,2019-02-13T07:58:09Z,42.33848116,-3.69814734
871.9,2019-02-13T07:58:12Z,42.33844484,-3.69819961
874.7,2019-02-13T07:58:15Z,42.33841038,-3.69824415
878.6,2019-02-13T07:58:24Z,42.33845416,-3.69829791
878.6,2019-02-13T07:58:26Z,42.33849789,-3.69831423
878.6,2019-02-13T07:58:28Z,42.33854246,-3.69833685
871.2,2019-02-13T07:58:31Z,42.33860326,-3.69833979
869.7,2019-02-13T07:58:34Z,42.33865520,-3.69833316
869.7,2019-02-13T07:58:37Z,42.33870149,-3.69833587
869.7,2019-02-13T07:58:42Z,42.33875225,-3.69835236
869.7,2019-02-13T07:58:45Z,42.33880838,-3.69836683
867.7,2019-02-13T07:58:48Z,42.33886838,-3.69836832
867.7,2019-02-13T07:58:52Z,42.33891298,-3.69834289
865.7,2019-02-13T07:58:55Z,42.33896285,-3.69833261
864.4,2019-02-13T07:58:58Z,42.33902096,-3.69835324
860.5,2019-02-13T07:59:01Z,42.33907468,-3.69838708
858.0,2019-02-13T07:59:04Z,42.33912925,-3.69837553
855.7,2019-02-13T07:59:07Z,42.33917917,-3.69834462
852.9,2019-02-13T07:59:10Z,42.33922347,-3.69832776
850.7,2019-02-13T07:59:13Z,42.33927952,-3.69836161
848.5,2019-02-13T07:59:16Z,42.33931917,-3.69840777
848.5,2019-02-13T07:59:19Z,42.33936073,-3.69843684
848.5,2019-02-13T07:59:22Z,42.33941037,-3.69847983
850.0,2019-02-13T07:59:24Z,42.33944669,-3.69851588
851.4,2019-02-13T07:59:27Z,42.33949489,-3.69858150
853.0,2019-02-13T07:59:30Z,42.33954033,-3.69864252
854.6,2019-02-13T07:59:33Z,42.33958893,-3.69870342
857.1,2019-02-13T07:59:36Z,42.33964013,-3.69875117
858.9,2019-02-13T07:59:39Z,42.33969250,-3.69878739
860.5,2019-02-13T07:59:42Z,42.33974043,-3.69882573
862.2,2019-02-13T07:59:45Z,42.33978365,-3.69887851
863.8,2019-02-13T07:59:49Z,42.33982424,-3.69893523
865.0,2019-02-13T07:59:52Z,42.33983928,-3.69899654
865.0,2019-02-13T07:59:55Z,42.33984213,-3.69907511
865.0,2019-02-13T07:59:58Z,42.33984821,-3.69915667
865.0,2019-02-13T08:00:01Z,42.33986958,-3.69921221
865.0,2019-02-13T08:00:04Z,42.33991148,-3.69923964
865.0,2019-02-13T08:00:08Z,42.33996028,-3.69927591
865.0,2019-02-13T08:00:12Z,42.34001588,-3.69930291
865.0,2019-02-13T08:00:15Z,42.34007358,-3.69931829
867.7,2019-02-13T08:00:18Z,42.34013261,-3.69933760
867.7,2019-02-13T08:00:21Z,42.34019173,-3.69935245
867.7,2019-02-13T08:00:23Z,42.34023631,-3.69937127
867.7,2019-02-13T08:00:25Z,42.34028246,-3.69939503
867.7,2019-02-13T08:00:28Z,42.34033496,-3.69943885
867.7,2019-02-13T08:00:31Z,42.34037486,-3.69947809
867.7,2019-02-13T08:00:34Z,42.34041905,-3.69951426
867.7,2019-02-13T08:00:37Z,42.34046941,-3.69953310
867.7,2019-02-13T08:00:40Z,42.34050949,-3.69956811
866.0,2019-02-13T08:00:43Z,42.34054299,-3.69962634
864.2,2019-02-13T08:00:46Z,42.34057428,-3.69967875
864.2,2019-02-13T08:00:50Z,42.34061448,-3.69973736
864.2,2019-02-13T08:00:53Z,42.34066054,-3.69977056
864.2,2019-02-13T08:00:56Z,42.34071184,-3.69977851
865.7,2019-02-13T08:01:00Z,42.34076162,-3.69976910
868.6,2019-02-13T08:01:04Z,42.34082182,-3.69979841
870.3,2019-02-13T08:01:07Z,42.34086135,-3.69988234
870.3,2019-02-13T08:01:09Z,42.34086280,-3.69996157
870.3,2019-02-13T08:01:11Z,42.34085363,-3.70003806
870.3,2019-02-13T08:01:13Z,42.34084090,-3.70010467
869.0,2019-02-13T08:01:16Z,42.34082702,-3.70017001
869.0,2019-02-13T08:01:19Z,42.34082607,-3.70023865
866.7,2019-02-13T08:01:22Z,42.34083105,-3.70031504
864.8,2019-02-13T08:01:25Z,42.34081544,-3.70039373
862.4,2019-02-13T08:01:28Z,42.34079372,-3.70046304
860.8,2019-02-13T08:01:31Z,42.34077038,-3.70053114
858.6,2019-02-13T08:01:35Z,42.34073207,-3.70059249
857.4,2019-02-13T08:01:38Z,42.34070567,-3.70064708
857.4,2019-02-13T08:01:41Z,42.34067984,-3.70071606
856.2,2019-02-13T08:01:44Z,42.34066783,-3.70079206
856.2,2019-02-13T08:01:47Z,42.34065080,-3.70087185
856.2,2019-02-13T08:01:50Z,42.34064102,-3.70094598
856.2,2019-02-13T08:01:54Z,42.34063461,-3.70102020
856.2,2019-02-13T08:01:57Z,42.34062989,-3.70108776
856.2,2019-02-13T08:02:00Z,42.34061899,-3.70116768
856.2,2019-02-13T08:02:03Z,42.34060095,-3.70124291
856.2,2019-02-13T08:02:06Z,42.34057897,-3.70131068
856.2,2019-02-13T08:02:09Z,42.34056263,-3.70136850
856.2,2019-02-13T08:02:13Z,42.34054622,-3.70143981
856.2,2019-02-13T08:02:16Z,42.34051939,-3.70150974
853.9,2019-02-13T08:02:19Z,42.34050117,-3.70158378
853.9,2019-02-13T08:02:22Z,42.34050583,-3.70165824
852.5,2019-02-13T08:02:25Z,42.34051458,-3.70172648
851.0,2019-02-13T08:02:28Z,42.34051189,-3.70179131
851.0,2019-02-13T08:02:31Z,42.34048857,-3.70184910
851.0,2019-02-13T08:02:34Z,42.34044001,-3.70190154
851.0,2019-02-13T08:02:37Z,42.34040852,-3.70196321
852.3,2019-02-13T08:02:41Z,42.34043215,-3.70202230
852.3,2019-02-13T08:02:44Z,42.34048455,-3.70202473
854.3,2019-02-13T08:02:48Z,42.34051092,-3.70197172
854.3,2019-02-13T08:02:53Z,42.34047753,-3.70192413
857.4,2019-02-13T08:02:58Z,42.34042734,-3.70196181
859.5,2019-02-13T08:03:00Z,42.34041873,-3.70205332
859.5,2019-02-13T08:03:02Z,42.34042113,-3.70213630
860.9,2019-02-13T08:03:05Z,42.34043802,-3.70219453
862.1,2019-02-13T08:03:09Z,42.34048876,-3.70218121
864.0,2019-02-13T08:04:44Z,42.34056456,-3.70213303
868.4,2019-02-13T08:04:50Z,42.34053624,-3.70219964
868.4,2019-02-13T08:04:52Z,42.34054521,-3.70229073
868.4,2019-02-13T08:04:55Z,42.34054999,-3.70235429
871.5,2019-02-13T08:05:12Z,42.34059378,-3.70236902
866.9,2019-02-13T08:06:39Z,42.34055127,-3.70234792
866.9,2019-02-13T08:10:03Z,42.34054766,-3.70236356
866.9,2019-02-13T08:21:22Z,42.34059328,-3.70234749
866.9,2019-02-13T08:21:26Z,42.34062775,-3.70230610
868.1,2019-02-13T08:55:01Z,42.34059634,-3.70235887
868.1,2019-02-13T08:55:14Z,42.34060655,-3.70242643
868.1,2019-02-13T08:55:18Z,42.34057632,-3.70247746
865.0,2019-02-13T08:55:59Z,42.34054383,-3.70243038
863.8,2019-02-13T08:56:03Z,42.34056197,-3.70236543
860.1,2019-02-13T09:35:24Z,42.34078110,-3.70268636
858.8,2019-02-13T09:35:29Z,42.34071637,-3.70251290
853.2,2019-02-13T09:44:56Z,42.34046801,-3.70220306
851.1,2019-02-13T09:44:58Z,42.34039776,-3.70217540
849.8,2019-02-13T09:45:03Z,42.34044608,-3.70222141
854.8,2019-02-13T09:45:06Z,42.34050082,-3.70222003
860.4,2019-02-13T09:46:34Z,42.34042573,-3.70264445
863.6,2019-02-13T09:46:36Z,42.34034577,-3.70269637
866.9,2019-02-13T09:46:39Z,42.34029039,-3.70269584
870.6,2019-02-13T09:46:43Z,42.34031938,-3.70263827
873.3,2019-02-13T09:46:45Z,42.34035449,-3.70258511
873.3,2019-02-13T09:46:47Z,42.34038740,-3.70252414
875.4,2019-02-13T09:46:49Z,42.34047526,-3.70239143
875.4,2019-02-13T09:46:52Z,42.34051537,-3.70234965
875.4,2019-02-13T09:46:58Z,42.34056320,-3.70235978
859.8,2019-02-13T09:50:31Z,42.34050447,-3.70238067
859.8,2019-02-13T09:50:34Z,42.34046851,-3.70233616
862.4,2019-02-13T09:50:37Z,42.34037222,-3.70222847
862.4,2019-02-13T09:50:40Z,42.34041943,-3.70220614
865.3,2019-02-13T09:50:47Z,42.34045718,-3.70216815
863.1,2019-02-13T09:50:59Z,42.34049504,-3.70221709
859.7,2019-02-13T09:51:06Z,42.34050558,-3.70228464
859.7,2019-02-13T09:53:19Z,42.34056910,-3.70230630
861.0,2019-02-13T09:53:22Z,42.34051657,-3.70230637
858.8,2019-02-13T09:58:36Z,42.34073137,-3.70242048
860.5,2019-02-13T09:58:39Z,42.34076426,-3.70247345
858.0,2019-02-13T09:59:25Z,42.34070568,-3.70236586
854.6,2019-02-13T09:59:28Z,42.34065938,-3.70228274
854.6,2019-02-13T10:00:46Z,42.34058924,-3.70225829
867.3,2019-02-13T10:04:31Z,42.34058218,-3.70219801
870.3,2019-02-13T10:31:10Z,42.34061825,-3.70248574
873.0,2019-02-13T11:48:43Z,42.34056108,-3.70238632
873.0,2019-02-13T12:07:26Z,42.34052953,-3.70233718
873.0,2019-02-13T12:07:35Z,42.34057458,-3.70235815
873.0,2019-02-13T12:09:38Z,42.34060961,-3.70232147
875.9,2019-02-13T12:45:27Z,42.34053739,-3.70235918
875.9,2019-02-13T12:45:32Z,42.34048417,-3.70235136
874.2,2019-02-13T12:46:03Z,42.34052622,-3.70239406
874.2,2019-02-13T12:46:30Z,42.34056929,-3.70236280
872.5,2019-02-13T12:46:36Z,42.34061522,-3.70237289
872.5,2019-02-13T12:48:07Z,42.34056959,-3.70238141
872.5,2019-02-13T12:55:13Z,42.34057825,-3.70232067
872.5,2019-02-13T12:55:39Z,42.34054090,-3.70235737
870.3,2019-02-13T12:59:42Z,42.34058827,-3.70237557
870.3,2019-02-13T13:03:20Z,42.34083034,-3.70217687
868.3,2019-02-13T13:03:23Z,42.34073004,-3.70217472
867.2,2019-02-13T13:03:25Z,42.34064518,-3.70216347
865.7,2019-02-13T13:03:28Z,42.34054473,-3.70215143
865.7,2019-02-13T13:03:30Z,42.34048896,-3.70213176
862.9,2019-02-13T13:03:32Z,42.34046025,-3.70206655
860.2,2019-02-13T13:03:35Z,42.34044511,-3.70195938
858.9,2019-02-13T13:03:37Z,42.34044524,-3.70189784
858.9,2019-02-13T13:03:40Z,42.34044405,-3.70181694
857.6,2019-02-13T13:03:43Z,42.34044537,-3.70174197
857.6,2019-02-13T13:03:46Z,42.34045157,-3.70167927
857.6,2019-02-13T13:03:49Z,42.34045783,-3.70161604
857.6,2019-02-13T13:03:52Z,42.34045398,-3.70154970
857.6,2019-02-13T13:03:55Z,42.34044589,-3.70148440
857.6,2019-02-13T13:03:58Z,42.34044804,-3.70142118
857.6,2019-02-13T13:04:01Z,42.34045875,-3.70135911
857.6,2019-02-13T13:04:05Z,42.34048899,-3.70130267
857.6,2019-02-13T13:04:08Z,42.34051597,-3.70125130
857.6,2019-02-13T13:04:11Z,42.34053626,-3.70119474
856.2,2019-02-13T13:04:15Z,42.34056425,-3.70112797
856.2,2019-02-13T13:04:18Z,42.34059264,-3.70107236
854.6,2019-02-13T13:04:21Z,42.34061385,-3.70101679
854.6,2019-02-13T13:04:25Z,42.34063104,-3.70093763
854.6,2019-02-13T13:04:28Z,42.34063850,-3.70086301
854.6,2019-02-13T13:04:31Z,42.34062032,-3.70079169
854.6,2019-02-13T13:04:34Z,42.34060754,-3.70072038
854.6,2019-02-13T13:04:37Z,42.34061175,-3.70064909
854.6,2019-02-13T13:04:40Z,42.34062035,-3.70058829
854.6,2019-02-13T13:04:44Z,42.34064637,-3.70052927
854.6,2019-02-13T13:04:48Z,42.34067139,-3.70047082
856.3,2019-02-13T13:04:52Z,42.34068430,-3.70039396
856.3,2019-02-13T13:04:56Z,42.34069733,-3.70031702
856.3,2019-02-13T13:04:59Z,42.34070385,-3.70025112
854.7,2019-02-13T13:05:02Z,42.34071265,-3.70019023
853.6,2019-02-13T13:05:05Z,42.34072330,-3.70012859
853.6,2019-02-13T13:05:08Z,42.34074737,-3.70006477
853.6,2019-02-13T13:05:12Z,42.34077920,-3.69999992
853.6,2019-02-13T13:05:16Z,42.34076763,-3.69994010
854.8,2019-02-13T13:05:20Z,42.34072466,-3.69990948
854.8,2019-02-13T13:05:23Z,42.34068088,-3.69987189
854.8,2019-02-13T13:05:26Z,42.34063213,-3.69982869
854.8,2019-02-13T13:05:29Z,42.34057801,-3.69978334
854.8,2019-02-13T13:05:32Z,42.34053390,-3.69973291
856.4,2019-02-13T13:05:35Z,42.34049628,-3.69968760
856.4,2019-02-13T13:05:38Z,42.34046444,-3.69963199
856.4,2019-02-13T13:05:41Z,42.34043132,-3.69958021
857.6,2019-02-13T13:05:45Z,42.34039696,-3.69953590
857.6,2019-02-13T13:05:49Z,42.34034280,-3.69951129
859.0,2019-02-13T13:05:52Z,42.34029991,-3.69948609
859.0,2019-02-13T13:05:55Z,42.34025229,-3.69947185
859.0,2019-02-13T13:05:58Z,42.34020547,-3.69946123
860.2,2019-02-13T13:06:01Z,42.34016134,-3.69944536
860.2,2019-02-13T13:06:04Z,42.34011890,-3.69942058
860.2,2019-02-13T13:06:07Z,42.34007418,-3.69938613
858.9,2019-02-13T13:06:10Z,42.34003255,-3.69935060
858.9,2019-02-13T13:06:13Z,42.33999394,-3.69931035
858.9,2019-02-13T13:06:16Z,42.33995487,-3.69927484
858.9,2019-02-13T13:06:20Z,42.33990725,-3.69924399
858.9,2019-02-13T13:06:24Z,42.33989823,-3.69917151
858.9,2019-02-13T13:06:27Z,42.33990033,-3.69910634
858.9,2019-02-13T13:06:30Z,42.33989008,-3.69904125
858.9,2019-02-13T13:06:34Z,42.33985948,-3.69899604
858.9,2019-02-13T13:06:38Z,42.33980590,-3.69897190
858.9,2019-02-13T13:06:41Z,42.33975609,-3.69894596
858.9,2019-02-13T13:06:44Z,42.33970696,-3.69890088
858.9,2019-02-13T13:06:47Z,42.33966359,-3.69884248
858.9,2019-02-13T13:06:50Z,42.33961640,-3.69877945
858.9,2019-02-13T13:06:53Z,42.33956268,-3.69872715
860.7,2019-02-13T13:06:56Z,42.33951210,-3.69868770
862.2,2019-02-13T13:06:59Z,42.33946582,-3.69866396
862.2,2019-02-13T13:07:04Z,42.33941851,-3.69866584
864.1,2019-02-13T13:07:09Z,42.33937226,-3.69864223
864.1,2019-02-13T13:07:13Z,42.33931759,-3.69861411
866.0,2019-02-13T13:07:16Z,42.33927306,-3.69857490
867.8,2019-02-13T13:07:19Z,42.33922331,-3.69852175
869.2,2019-02-13T13:07:22Z,42.33917728,-3.69849920
874.9,2019-02-13T13:07:30Z,42.33904692,-3.69840852
878.7,2019-02-13T13:07:40Z,42.33885304,-3.69842004
872.4,2019-02-13T13:07:44Z,42.33879956,-3.69843647
880.9,2019-02-13T13:07:55Z,42.33866804,-3.69837887
882.6,2019-02-13T13:07:58Z,42.33862099,-3.69838133
883.9,2019-02-13T13:08:01Z,42.33857181,-3.69838649
883.9,2019-02-13T13:08:04Z,42.33852590,-3.69840409
881.2,2019-02-13T13:08:08Z,42.33846388,-3.69841201
875.0,2019-02-13T13:08:11Z,42.33842756,-3.69837461
871.2,2019-02-13T13:08:13Z,42.33843058,-3.69830541
867.9,2019-02-13T13:08:16Z,42.33844541,-3.69819613
866.8,2019-02-13T13:08:19Z,42.33845481,-3.69810920
866.8,2019-02-13T13:08:22Z,42.33847728,-3.69803561
866.8,2019-02-13T13:08:25Z,42.33851276,-3.69798012
866.8,2019-02-13T13:08:27Z,42.33855164,-3.69794246
866.8,2019-02-13T13:08:29Z,42.33858920,-3.69790485
869.5,2019-02-13T13:08:32Z,42.33863764,-3.69784764
872.9,2019-02-13T13:08:36Z,42.33866238,-3.69777842
874.2,2019-02-13T13:08:39Z,42.33868194,-3.69771717
874.2,2019-02-13T13:08:42Z,42.33869568,-3.69765190
872.6,2019-02-13T13:08:46Z,42.33870808,-3.69758093
869.7,2019-02-13T13:08:51Z,42.33871685,-3.69750314
866.0,2019-02-13T13:08:56Z,42.33871339,-3.69743134
866.0,2019-02-13T13:10:47Z,42.33865299,-3.69738977
866.0,2019-02-13T13:10:53Z,42.33859876,-3.69738339
866.0,2019-02-13T13:10:58Z,42.33854984,-3.69736982
866.0,2019-02-13T13:11:03Z,42.33850112,-3.69735666
868.1,2019-02-13T13:11:17Z,42.33845630,-3.69734983
872.4,2019-02-13T13:11:46Z,42.33850869,-3.69733495
868.9,2019-02-13T13:12:45Z,42.33846087,-3.69734354
868.9,2019-02-13T13:13:01Z,42.33841708,-3.69731914
868.9,2019-02-13T13:13:06Z,42.33837136,-3.69729954
872.7,2019-02-13T13:14:30Z,42.33834775,-3.69735456
872.7,2019-02-13T13:14:38Z,42.33838793,-3.69738611
873.8,2019-02-13T13:14:46Z,42.33837216,-3.69731603
873.8,2019-02-13T13:14:58Z,42.33834224,-3.69736489
876.0,2019-02-13T13:15:13Z,42.33837185,-3.69730934
876.0,2019-02-13T13:15:18Z,42.33841916,-3.69732104
876.0,2019-02-13T13:15:23Z,42.33846903,-3.69733414
876.0,2019-02-13T13:15:30Z,42.33851475,-3.69732544
882.7,2019-02-13T13:46:09Z,42.33853515,-3.69738000
880.2,2019-02-13T13:47:52Z,42.33854397,-3.69731898
886.3,2019-02-13T13:55:15Z,42.33858151,-3.69735260
892.2,2019-02-13T13:59:31Z,42.33862270,-3.69737754
893.9,2019-02-13T13:59:53Z,42.33865337,-3.69733215
901.3,2019-02-13T14:00:21Z,42.33860594,-3.69732698
889.1,2019-02-13T14:01:42Z,42.33861287,-3.69739399
873.5,2019-02-13T14:01:55Z,42.33865959,-3.69736667
871.2,2019-02-13T14:01:58Z,42.33869653,-3.69732840
869.8,2019-02-13T14:02:01Z,42.33874048,-3.69729144
868.7,2019-02-13T14:02:04Z,42.33877219,-3.69723892
868.7,2019-02-13T14:02:07Z,42.33879010,-3.69717762
868.7,2019-02-13T14:02:11Z,42.33880836,-3.69711753
868.7,2019-02-13T14:02:15Z,42.33883595,-3.69705360
868.7,2019-02-13T14:02:18Z,42.33885430,-3.69699716
868.7,2019-02-13T14:02:22Z,42.33886869,-3.69692434
868.7,2019-02-13T14:02:25Z,42.33884786,-3.69686250
868.7,2019-02-13T14:02:27Z,42.33882594,-3.69680615
868.7,2019-02-13T14:02:29Z,42.33879841,-3.69674179
868.7,2019-02-13T14:02:31Z,42.33876366,-3.69668131
868.7,2019-02-13T14:02:33Z,42.33873302,-3.69662518
868.7,2019-02-13T14:02:36Z,42.33871889,-3.69655000
868.7,2019-02-13T14:02:39Z,42.33871146,-3.69648608
868.7,2019-02-13T14:02:42Z,42.33869228,-3.69640723
868.7,2019-02-13T14:02:45Z,42.33868311,-3.69633177
870.6,2019-02-13T14:02:52Z,42.33873178,-3.69632403
870.6,2019-02-13T14:02:56Z,42.33878932,-3.69631738
870.6,2019-02-13T14:03:00Z,42.33884868,-3.69631080
870.6,2019-02-13T14:03:04Z,42.33890193,-3.69628225
870.6,2019-02-13T14:03:08Z,42.33895067,-3.69628122
870.6,2019-02-13T14:03:11Z,42.33898967,-3.69632344
870.6,2019-02-13T14:03:14Z,42.33903573,-3.69635717
872.8,2019-02-13T14:03:18Z,42.33908690,-3.69633406
874.0,2019-02-13T14:03:21Z,42.33913306,-3.69631732
874.0,2019-02-13T14:03:24Z,42.33919446,-3.69631287
874.0,2019-02-13T14:03:27Z,42.33925554,-3.69631070
874.0,2019-02-13T14:03:30Z,42.33930949,-3.69628720
874.0,2019-02-13T14:03:33Z,42.33936811,-3.69628535
874.0,2019-02-13T14:03:36Z,42.33941382,-3.69631238
874.0,2019-02-13T14:03:39Z,42.33946005,-3.69634995
874.0,2019-02-13T14:03:43Z,42.33951434,-3.69635308
874.0,2019-02-13T14:03:47Z,42.33956040,-3.69638935
874.0,2019-02-13T14:03:50Z,42.33961326,-3.69641679
874.0,2019-02-13T14:03:53Z,42.33967468,-3.69643097
871.3,2019-02-13T14:03:56Z,42.33973264,-3.69646805
869.5,2019-02-13T14:03:59Z,42.33977764,-3.69651357
867.9,2019-02-13T14:04:02Z,42.33981394,-3.69656074
866.6,2019-02-13T14:04:05Z,42.33984676,-3.69661479
866.6,2019-02-13T14:04:08Z,42.33988108,-3.69666318
866.6,2019-02-13T14:04:11Z,42.33992334,-3.69668490
864.5,2019-02-13T14:04:15Z,42.33998129,-3.69669832
864.5,2019-02-13T14:04:19Z,42.34003698,-3.69672466
863.4,2019-02-13T14:04:23Z,42.34009400,-3.69673889
863.4,2019-02-13T14:04:27Z,42.34014994,-3.69673536
863.4,2019-02-13T14:04:31Z,42.34019355,-3.69677435
863.4,2019-02-13T14:04:35Z,42.34024009,-3.69681517
863.4,2019-02-13T14:04:39Z,42.34029383,-3.69681942
863.4,2019-02-13T14:04:43Z,42.34034940,-3.69682854
863.4,2019-02-13T14:04:46Z,42.34039611,-3.69683100
863.4,2019-02-13T14:04:49Z,42.34044198,-3.69683348
863.4,2019-02-13T14:04:53Z,42.34049901,-3.69685164
861.7,2019-02-13T14:04:57Z,42.34055778,-3.69686506
861.7,2019-02-13T14:05:00Z,42.34060588,-3.69685735
860.2,2019-02-13T14:05:04Z,42.34066200,-3.69686213
860.2,2019-02-13T14:05:07Z,42.34070768,-3.69686445
860.2,2019-02-13T14:05:10Z,42.34075301,-3.69687766
860.2,2019-02-13T14:05:14Z,42.34080836,-3.69690437
860.2,2019-02-13T14:05:18Z,42.34086367,-3.69692701
860.2,2019-02-13T14:05:22Z,42.34091809,-3.69692693
860.2,2019-02-13T14:05:26Z,42.34097162,-3.69692437
860.2,2019-02-13T14:05:30Z,42.34102334,-3.69694781
861.4,2019-02-13T14:05:41Z,42.34105655,-3.69690575
862.7,2019-02-13T14:05:46Z,42.34110984,-3.69688450
864.1,2019-02-13T14:05:50Z,42.34117023,-3.69687165
864.1,2019-02-13T14:05:53Z,42.34122081,-3.69686352
865.3,2019-02-13T14:05:56Z,42.34127081,-3.69685992
866.6,2019-02-13T14:06:01Z,42.34132940,-3.69686747
866.6,2019-02-13T14:06:04Z,42.34137702,-3.69687114
866.6,2019-02-13T14:06:07Z,42.34142481,-3.69687424
866.6,2019-02-13T14:06:10Z,42.34147000,-3.69687627
866.6,2019-02-13T14:06:23Z,42.34151475,-3.69685261
866.6,2019-02-13T14:06:25Z,42.34156385,-3.69684627
866.6,2019-02-13T14:06:27Z,42.34161708,-3.69684503
866.6,2019-02-13T14:06:29Z,42.34166602,-3.69685744
866.6,2019-02-13T14:06:31Z,42.34170834,-3.69688351
866.6,2019-02-13T14:06:34Z,42.34175794,-3.69692388
866.6,2019-02-13T14:06:38Z,42.34180367,-3.69689862
866.6,2019-02-13T14:06:41Z,42.34184956,-3.69682852
866.6,2019-02-13T14:06:43Z,42.34188180,-3.69677745
866.6,2019-02-13T14:06:45Z,42.34191384,-3.69672941
866.6,2019-02-13T14:06:48Z,42.34196137,-3.69667104
866.6,2019-02-13T14:06:51Z,42.34199268,-3.69661135
866.6,2019-02-13T14:06:54Z,42.34204138,-3.69658225
864.6,2019-02-13T14:06:57Z,42.34210444,-3.69660179
863.2,2019-02-13T14:07:00Z,42.34215699,-3.69662860
863.2,2019-02-13T14:07:03Z,42.34221034,-3.69666653
862.1,2019-02-13T14:07:06Z,42.34225018,-3.69670350
862.1,2019-02-13T14:07:10Z,42.34231026,-3.69670474
862.1,2019-02-13T14:07:13Z,42.34236045,-3.69669406
862.1,2019-02-13T14:07:16Z,42.34241678,-3.69670040
862.1,2019-02-13T14:07:19Z,42.34247285,-3.69669502
860.0,2019-02-13T14:07:22Z,42.34252743,-3.69668863
860.0,2019-02-13T14:07:25Z,42.34257677,-3.69666284
860.0,2019-02-13T14:07:28Z,42.34260096,-3.69660400
860.0,2019-02-13T14:07:31Z,42.34262644,-3.69655108
860.0,2019-02-13T14:07:34Z,42.34267483,-3.69653026
860.0,2019-02-13T14:07:37Z,42.34273080,-3.69652625
860.0,2019-02-13T14:07:40Z,42.34278846,-3.69655466
860.0,2019-02-13T14:07:43Z,42.34284077,-3.69660560
860.0,2019-02-13T14:07:46Z,42.34288464,-3.69665840
860.0,2019-02-13T14:07:49Z,42.34293333,-3.69669038
861.4,2019-02-13T14:07:52Z,42.34297976,-3.69670960
861.4,2019-02-13T14:07:55Z,42.34303541,-3.69675068
861.4,2019-02-13T14:07:58Z,42.34307451,-3.69678873
863.6,2019-02-13T14:08:06Z,42.34312412,-3.69679067
863.6,2019-02-13T14:08:09Z,42.34316990,-3.69682769
863.6,2019-02-13T14:08:12Z,42.34322073,-3.69685777
863.6,2019-02-13T14:08:15Z,42.34327081,-3.69686377
863.6,2019-02-13T14:08:19Z,42.34331226,-3.69683280
863.6,2019-02-13T14:08:22Z,42.34335880,-3.69684123
863.6,2019-02-13T14:08:25Z,42.34341728,-3.69688338
863.6,2019-02-13T14:08:28Z,42.34347024,-3.69693364
863.6,2019-02-13T14:08:30Z,42.34349834,-3.69698219
863.6,2019-02-13T14:08:32Z,42.34351373,-3.69704056
863.6,2019-02-13T14:08:35Z,42.34351814,-3.69711903
863.6,2019-02-13T14:08:38Z,42.34353645,-3.69719298
862.1,2019-02-13T14:08:41Z,42.34356515,-3.69726554
862.1,2019-02-13T14:08:44Z,42.34359472,-3.69733970
862.1,2019-02-13T14:08:47Z,42.34361958,-3.69740849
862.1,2019-02-13T14:08:50Z,42.34363674,-3.69747472
862.1,2019-02-13T14:08:53Z,42.34365231,-3.69753353
862.1,2019-02-13T14:08:56Z,42.34367379,-3.69758932
862.1,2019-02-13T14:08:59Z,42.34371759,-3.69761113
859.9,2019-02-13T14:09:02Z,42.34376301,-3.69759437
859.9,2019-02-13T14:09:05Z,42.34381284,-3.69757039
859.9,2019-02-13T14:09:08Z,42.34387071,-3.69757562
859.9,2019-02-13T14:09:11Z,42.34393104,-3.69759338
859.9,2019-02-13T14:09:14Z,42.34399002,-3.69759216
859.9,2019-02-13T14:09:17Z,42.34404359,-3.69757893
858.2,2019-02-13T14:09:21Z,42.34410020,-3.69755740
858.2,2019-02-13T14:09:24Z,42.34414245,-3.69753166
858.2,2019-02-13T14:09:27Z,42.34418729,-3.69749279
858.2,2019-02-13T14:09:31Z,42.34420937,-3.69742857
858.2,2019-02-13T14:09:35Z,42.34421490,-3.69736418
858.2,2019-02-13T14:09:39Z,42.34425556,-3.69730362
858.2,2019-02-13T14:09:42Z,42.34431535,-3.69726893
858.2,2019-02-13T14:09:44Z,42.34435899,-3.69725342
858.2,2019-02-13T14:09:47Z,42.34441939,-3.69727193
858.2,2019-02-13T14:09:50Z,42.34446921,-3.69732429
858.2,2019-02-13T14:09:53Z,42.34451385,-3.69736509
858.2,2019-02-13T14:09:57Z,42.34455698,-3.69739829
858.2,2019-02-13T14:10:04Z,42.34458515,-3.69734509
858.2,2019-02-13T14:10:08Z,42.34464078,-3.69733435
858.2,2019-02-13T14:10:11Z,42.34469610,-3.69732402
858.2,2019-02-13T14:10:14Z,42.34474848,-3.69731463
858.2,2019-02-13T14:10:17Z,42.34479360,-3.69733089
858.2,2019-02-13T14:10:21Z,42.34484736,-3.69729097
857.0,2019-02-13T14:10:23Z,42.34487093,-3.69709866
857.0,2019-02-13T14:10:25Z,42.34488482,-3.69696140
857.0,2019-02-13T14:10:27Z,42.34488975,-3.69687145
857.0,2019-02-13T14:10:29Z,42.34489190,-3.69680638
857.0,2019-02-13T14:10:32Z,42.34490711,-3.69672436
857.0,2019-02-13T14:10:35Z,42.34494321,-3.69665072
857.0,2019-02-13T14:10:37Z,42.34497405,-3.69660431
857.0,2019-02-13T14:10:40Z,42.34502119,-3.69654133
857.0,2019-02-13T14:10:43Z,42.34506427,-3.69648960
857.0,2019-02-13T14:10:46Z,42.34510252,-3.69645682
857.0,2019-02-13T14:10:49Z,42.34515442,-3.69643004
857.0,2019-02-13T14:10:52Z,42.34520051,-3.69639493
857.0,2019-02-13T14:10:55Z,42.34525111,-3.69639081
857.0,2019-02-13T14:10:58Z,42.34530744,-3.69640609
854.7,2019-02-13T14:11:01Z,42.34536171,-3.69642222
854.7,2019-02-13T14:11:04Z,42.34541225,-3.69641645
854.7,2019-02-13T14:11:07Z,42.34546097,-3.69638673
854.7,2019-02-13T14:11:10Z,42.34550807,-3.69635914
854.7,2019-02-13T14:11:13Z,42.34555348,-3.69633296
854.7,2019-02-13T14:11:16Z,42.34559046,-3.69626837
854.7,2019-02-13T14:11:19Z,42.34562406,-3.69620221
854.7,2019-02-13T14:11:22Z,42.34566535,-3.69615702
854.7,2019-02-13T14:11:25Z,42.34569686,-3.69610742
854.7,2019-02-13T14:11:29Z,42.34573625,-3.69605826
854.7,2019-02-13T14:11:32Z,42.34577911,-3.69603713
854.7,2019-02-13T14:11:35Z,42.34582269,-3.69602030
854.7,2019-02-13T14:11:38Z,42.34587191,-3.69601784
854.7,2019-02-13T14:11:41Z,42.34592369,-3.69600446
854.7,2019-02-13T14:11:44Z,42.34596846,-3.69597689
854.7,2019-02-13T14:11:48Z,42.34602442,-3.69595702
854.7,2019-02-13T14:11:52Z,42.34607441,-3.69592464
854.7,2019-02-13T14:11:55Z,42.34608651,-3.69585577
854.7,2019-02-13T14:11:58Z,42.34610646,-3.69578638
854.7,2019-02-13T14:12:02Z,42.34615956,-3.69578080
854.7,2019-02-13T14:12:06Z,42.34621550,-3.69577998
854.7,2019-02-13T14:12:09Z,42.34623550,-3.69572392
854.7,2019-02-13T14:12:12Z,42.34626590,-3.69565948
854.7,2019-02-13T14:12:15Z,42.34630308,-3.69559828
854.7,2019-02-13T14:12:19Z,42.34635578,-3.69556166
854.7,2019-02-13T14:12:22Z,42.34640526,-3.69555760
854.7,2019-02-13T14:12:25Z,42.34645494,-3.69555201
854.7,2019-02-13T14:12:29Z,42.34650024,-3.69550457
854.7,2019-02-13T14:12:32Z,42.34652762,-3.69544063
854.7,2019-02-13T14:12:35Z,42.34656077,-3.69537834
854.7,2019-02-13T14:12:38Z,42.34660494,-3.69534687
854.7,2019-02-13T14:12:41Z,42.34665408,-3.69532896
854.7,2019-02-13T14:12:44Z,42.34670336,-3.69529612
854.7,2019-02-13T14:12:47Z,42.34673388,-3.69523427
854.7,2019-02-13T14:12:50Z,42.34676396,-3.69517338
854.7,2019-02-13T14:12:53Z,42.34680612,-3.69514226
854.7,2019-02-13T14:12:56Z,42.34685590,-3.69513809
854.7,2019-02-13T14:12:59Z,42.34690009,-3.69511341
855.8,2019-02-13T14:13:04Z,42.34692439,-3.69505204
855.8,2019-02-13T14:13:11Z,42.34695488,-3.69500064
855.8,2019-02-13T14:13:14Z,42.34699417,-3.69497026
855.8,2019-02-13T14:13:17Z,42.34703858,-3.69493744
855.8,2019-02-13T14:13:20Z,42.34708167,-3.69490411
855.8,2019-02-13T14:13:23Z,42.34712751,-3.69487190
855.8,2019-02-13T14:13:26Z,42.34716557,-3.69483182
855.8,2019-02-13T14:13:30Z,42.34718926,-3.69476146
855.8,2019-02-13T14:13:34Z,42.34723887,-3.69474082
855.8,2019-02-13T14:13:38Z,42.34729612,-3.69474875
855.8,2019-02-13T14:13:41Z,42.34733948,-3.69472662
855.8,2019-02-13T14:13:44Z,42.34738256,-3.69469440
855.8,2019-02-13T14:13:48Z,42.34742895,-3.69466512
855.8,2019-02-13T14:13:52Z,42.34744325,-3.69458802
855.8,2019-02-13T14:13:55Z,42.34745488,-3.69452002
855.8,2019-02-13T14:13:58Z,42.34749370,-3.69448752
855.8,2019-02-13T14:14:01Z,42.34754189,-3.69449098
855.8,2019-02-13T14:14:04Z,42.34759287,-3.69448417
855.8,2019-02-13T14:14:07Z,42.34763674,-3.69444836
855.8,2019-02-13T14:14:10Z,42.34766772,-3.69438417
855.8,2019-02-13T14:14:13Z,42.34769684,-3.69431200
855.8,2019-02-13T14:14:16Z,42.34771403,-3.69422870
855.8,2019-02-13T14:14:19Z,42.34773892,-3.69416078
855.8,2019-02-13T14:14:22Z,42.34777785,-3.69411063
855.8,2019-02-13T14:14:25Z,42.34780337,-3.69405223
854.6,2019-02-13T14:14:29Z,42.34782138,-3.69399163
854.6,2019-02-13T14:14:34Z,42.34786577,-3.69394860
854.6,2019-02-13T14:14:37Z,42.34789927,-3.69390446
854.6,2019-02-13T14:14:40Z,42.34792779,-3.69384971
854.6,2019-02-13T14:14:43Z,42.34796496,-3.69380126
854.6,2019-02-13T14:14:46Z,42.34799107,-3.69374377
854.6,2019-02-13T14:14:49Z,42.34801434,-3.69367759
854.6,2019-02-13T14:14:52Z,42.34804398,-3.69361366
854.6,2019-02-13T14:14:55Z,42.34808273,-3.69356473
854.6,2019-02-13T14:14:58Z,42.34812318,-3.69353288
854.6,2019-02-13T14:15:02Z,42.34815445,-3.69346594
854.6,2019-02-13T14:15:06Z,42.34819267,-3.69341246
854.6,2019-02-13T14:15:10Z,42.34823785,-3.69336988
854.6,2019-02-13T14:15:13Z,42.34826241,-3.69331825
854.6,2019-02-13T14:15:17Z,42.34831160,-3.69327281
854.6,2019-02-13T14:15:20Z,42.34835039,-3.69322797
854.6,2019-02-13T14:15:23Z,42.34838911,-3.69318144
854.6,2019-02-13T14:15:26Z,42.34842175,-3.69313101
854.6,2019-02-13T14:15:29Z,42.34845107,-3.69307921
854.6,2019-02-13T14:15:32Z,42.34847390,-3.69302418
854.6,2019-02-13T14:15:35Z,42.34849908,-3.69297067
854.6,2019-02-13T14:15:39Z,42.34853887,-3.69291245
854.6,2019-02-13T14:15:42Z,42.34857440,-3.69287420
854.6,2019-02-13T14:15:45Z,42.34861405,-3.69284164
854.6,2019-02-13T14:15:48Z,42.34865006,-3.69279505
854.6,2019-02-13T14:15:51Z,42.34867541,-3.69273863
854.6,2019-02-13T14:15:54Z,42.34869539,-3.69268361
854.6,2019-02-13T14:15:58Z,42.34872929,-3.69261919
854.6,2019-02-13T14:16:02Z,42.34878819,-3.69260093
854.6,2019-02-13T14:16:05Z,42.34882970,-3.69257107
856.6,2019-02-13T14:16:08Z,42.34885621,-3.69251465
856.6,2019-02-13T14:16:11Z,42.34888517,-3.69245675
856.6,2019-02-13T14:16:14Z,42.34890725,-3.69239835
856.6,2019-02-13T14:16:18Z,42.34890986,-3.69233304
857.8,2019-02-13T14:16:22Z,42.34895156,-3.69228706
857.8,2019-02-13T14:16:25Z,42.34899207,-3.69225135
857.8,2019-02-13T14:16:28Z,42.34902885,-3.69219886
857.8,2019-02-13T14:16:31Z,42.34906365,-3.69214778
858.9,2019-02-13T14:16:34Z,42.34909786,-3.69208962
858.9,2019-02-13T14:16:37Z,42.34913142,-3.69203803
858.9,2019-02-13T14:16:40Z,42.34914764,-3.69197699
858.9,2019-02-13T14:16:43Z,42.34915301,-3.69191153
858.9,2019-02-13T14:16:46Z,42.34915722,-3.69184866
858.9,2019-02-13T14:16:50Z,42.34917830,-3.69177931
858.9,2019-02-13T14:16:54Z,42.34922238,-3.69173289
858.9,2019-02-13T14:16:58Z,42.34924970,-3.69166576
858.9,2019-02-13T14:17:02Z,42.34927560,-3.69159829
858.9,2019-02-13T14:17:06Z,42.34931923,-3.69156327
858.9,2019-02-13T14:17:09Z,42.34934601,-3.69151211
858.9,2019-02-13T14:17:12Z,42.34936552,-3.69144157
858.9,2019-02-13T14:17:15Z,42.34939091,-3.69137600
858.9,2019-02-13T14:17:18Z,42.34941954,-3.69131643
857.4,2019-02-13T14:17:21Z,42.34944850,-3.69126132
857.4,2019-02-13T14:17:24Z,42.34947455,-3.69120525
857.4,2019-02-13T14:17:28Z,42.34950633,-3.69114263
856.2,2019-02-13T14:17:32Z,42.34952395,-3.69107565
856.2,2019-02-13T14:17:36Z,42.34956095,-3.69101155
856.2,2019-02-13T14:17:39Z,42.34960497,-3.69097751
856.2,2019-02-13T14:17:42Z,42.34964965,-3.69094217
856.2,2019-02-13T14:17:45Z,42.34969322,-3.69091046
856.2,2019-02-13T14:17:48Z,42.34973436,-3.69088023
856.2,2019-02-13T14:17:51Z,42.34976342,-3.69083341
856.2,2019-02-13T14:17:54Z,42.34978162,-3.69077239
856.2,2019-02-13T14:17:57Z,42.34979397,-3.69071211
856.2,2019-02-13T14:18:01Z,42.34979016,-3.69063377
856.2,2019-02-13T14:18:05Z,42.34981764,-3.69058318
856.2,2019-02-13T14:18:08Z,42.34985582,-3.69054843
856.2,2019-02-13T14:18:11Z,42.34988727,-3.69049501
856.2,2019-02-13T14:18:14Z,42.34991683,-3.69043809
856.2,2019-02-13T14:18:17Z,42.34995173,-3.69039658
856.2,2019-02-13T14:18:22Z,42.34999538,-3.69035976
856.2,2019-02-13T14:18:27Z,42.35002664,-3.69029048
856.2,2019-02-13T14:18:31Z,42.35005374,-3.69023541
856.2,2019-02-13T14:18:35Z,42.35009851,-3.69019898
856.2,2019-02-13T14:18:39Z,42.35012460,-3.69014336
856.2,2019-02-13T14:18:43Z,42.35014524,-3.69007046
856.2,2019-02-13T14:18:46Z,42.35018047,-3.69002465
856.2,2019-02-13T14:18:49Z,42.35022008,-3.68997269
856.2,2019-02-13T14:18:52Z,42.35026444,-3.68993292
856.2,2019-02-13T14:18:55Z,42.35030705,-3.68989850
856.2,2019-02-13T14:18:58Z,42.35033451,-3.68983886
856.2,2019-02-13T14:19:01Z,42.35036654,-3.68978983
856.2,2019-02-13T14:19:04Z,42.35038957,-3.68973286
856.2,2019-02-13T14:19:07Z,42.35040735,-3.68967525
856.2,2019-02-13T14:19:11Z,42.35043785,-3.68962416
856.2,2019-02-13T14:19:15Z,42.35047068,-3.68967705
856.2,2019-02-13T14:19:19Z,42.35052624,-3.68969574
856.2,2019-02-13T14:19:23Z,42.35057619,-3.68968878
856.2,2019-02-13T14:19:27Z,42.35061796,-3.68963125
856.2,2019-02-13T14:19:30Z,42.35064334,-3.68957800
856.2,2019-02-13T14:19:35Z,42.35064308,-3.68951362
856.2,2019-02-13T14:19:52Z,42.35064880,-3.68945284
856.2,2019-02-13T14:19:55Z,42.35066870,-3.68939239
856.2,2019-02-13T14:19:58Z,42.35068328,-3.68932989
856.2,2019-02-13T14:20:02Z,42.35068130,-3.68925102
856.2,2019-02-13T14:20:09Z,42.35072349,-3.68922816
856.2,2019-02-13T14:20:12Z,42.35076506,-3.68927514
856.2,2019-02-13T14:20:15Z,42.35081050,-3.68931002
856.2,2019-02-13T14:20:18Z,42.35085278,-3.68934736
856.2,2019-02-13T14:20:21Z,42.35089009,-3.68939276
856.2,2019-02-13T14:20:25Z,42.35093436,-3.68943861
857.8,2019-02-13T14:20:32Z,42.35098357,-3.68945176
860.2,2019-02-13T14:20:39Z,42.35103114,-3.68945355
867.7,2019-02-13T14:21:34Z,42.35108131,-3.68940570
867.7,2019-02-13T14:21:37Z,42.35113089,-3.68937444
868.9,2019-02-13T14:21:42Z,42.35117701,-3.68938218
864.2,2019-02-13T14:23:31Z,42.35107731,-3.68900714
864.2,2019-02-13T14:23:42Z,42.35113279,-3.68892510
860.9,2019-02-13T14:39:24Z,42.35162117,-3.68822077
863.1,2019-02-13T14:39:30Z,42.35160089,-3.68827513
864.7,2019-02-13T14:41:36Z,42.35157270,-3.68832483
868.1,2019-02-13T15:27:40Z,42.35159943,-3.68822368
877.8,2019-02-13T15:47:36Z,42.35094870,-3.68766107
879.5,2019-02-13T15:47:42Z,42.35099184,-3.68762988
879.5,2019-02-13T15:47:45Z,42.35104174,-3.68768020
877.2,2019-02-13T15:47:47Z,42.35107519,-3.68772860
875.3,2019-02-13T15:47:49Z,42.35110458,-3.68778868
873.0,2019-02-13T15:47:51Z,42.35117907,-3.68785916
871.4,2019-02-13T15:47:54Z,42.35123762,-3.68791071
871.4,2019-02-13T15:47:58Z,42.35128704,-3.68793631
871.4,2019-02-13T15:48:08Z,42.35133182,-3.68794305
867.4,2019-02-13T15:49:21Z,42.35139881,-3.68801439
871.3,2019-02-13T15:55:10Z,42.35146623,-3.68794925
873.5,2019-02-13T15:55:14Z,42.35152204,-3.68793477
874.8,2019-02-13T15:55:18Z,42.35156961,-3.68794407
885.2,2019-02-13T15:55:43Z,42.35159731,-3.68777687
881.4,2019-02-13T15:58:10Z,42.35173506,-3.68792065
881.4,2019-02-13T15:58:13Z,42.35177412,-3.68797975
882.6,2019-02-13T15:58:16Z,42.35183184,-3.68800580
883.7,2019-02-13T15:58:19Z,42.35188207,-3.68801632
883.7,2019-02-13T15:58:21Z,42.35192659,-3.68802777
890.3,2019-02-13T16:02:11Z,42.35193386,-3.68792178
881.4,2019-02-13T16:02:19Z,42.35197742,-3.68790251
885.5,2019-02-13T16:02:33Z,42.35201130,-3.68795608
889.7,2019-02-13T16:02:38Z,42.35206016,-3.68793636
877.7,2019-02-13T16:02:42Z,42.35209230,-3.68787220
879.2,2019-02-13T16:02:45Z,42.35213028,-3.68783414
879.2,2019-02-13T16:02:49Z,42.35216734,-3.68777128
881.9,2019-02-13T16:02:53Z,42.35219462,-3.68770898
889.7,2019-02-13T16:02:56Z,42.35224454,-3.68769739
895.8,2019-02-13T16:02:58Z,42.35229923,-3.68770314
901.0,2019-02-13T16:03:00Z,42.35235831,-3.68771146
905.4,2019-02-13T16:03:02Z,42.35240398,-3.68771781
920.8,2019-02-13T16:03:11Z,42.35236891,-3.68767810
923.2,2019-02-13T16:03:14Z,42.35235406,-3.68759842
910.7,2019-02-13T16:03:19Z,42.35236459,-3.68753879
935.8,2019-02-13T16:07:28Z,42.35241401,-3.68753083
940.8,2019-02-13T16:08:18Z,42.35240237,-3.68749622
941.9,2019-02-13T16:08:26Z,42.35245628,-3.68751405
943.7,2019-02-13T16:08:41Z,42.35250248,-3.68752001
946.6,2019-02-13T16:09:04Z,42.35245732,-3.68751291
947.8,2019-02-13T16:11:50Z,42.35242040,-3.68754833
949.5,2019-02-13T16:11:54Z,42.35237603,-3.68758131
951.7,2019-02-13T16:11:58Z,42.35232534,-3.68757475
953.4,2019-02-13T16:12:16Z,42.35233160,-3.68763502
953.4,2019-02-13T16:12:22Z,42.35232649,-3.68772415
954.9,2019-02-13T16:12:24Z,42.35228666,-3.68793129
956.2,2019-02-13T16:12:26Z,42.35219624,-3.68812698
956.2,2019-02-13T16:12:28Z,42.35209344,-3.68822148
953.0,2019-02-13T16:12:30Z,42.35200809,-3.68825248
945.9,2019-02-13T16:12:33Z,42.35196252,-3.68823927
937.8,2019-02-13T16:12:37Z,42.35196246,-3.68816976
933.6,2019-02-13T16:12:39Z,42.35200465,-3.68811688
926.7,2019-02-13T16:12:43Z,42.35196515,-3.68808614
923.7,2019-02-13T16:12:45Z,42.35189198,-3.68812630
919.6,2019-02-13T16:12:48Z,42.35182602,-3.68815390
917.8,2019-02-13T16:12:51Z,42.35176058,-3.68818031
916.4,2019-02-13T16:12:54Z,42.35171692,-3.68821087
912.9,2019-02-13T16:12:58Z,42.35167980,-3.68824755
904.3,2019-02-13T16:13:06Z,42.35172561,-3.68819624
903.0,2019-02-13T16:13:09Z,42.35178086,-3.68814504
903.0,2019-02-13T16:13:12Z,42.35181472,-3.68809790
901.7,2019-02-13T16:13:15Z,42.35186195,-3.68811665
901.7,2019-02-13T16:13:20Z,42.35188635,-3.68817100
896.2,2019-02-13T16:13:32Z,42.35185180,-3.68812102
896.2,2019-02-13T16:13:36Z,42.35184039,-3.68805649
896.2,2019-02-13T16:13:39Z,42.35178676,-3.68810115
896.2,2019-02-13T16:13:41Z,42.35175065,-3.68814128
894.5,2019-02-13T16:13:44Z,42.35169327,-3.68817971
896.6,2019-02-13T16:14:08Z,42.35173885,-3.68819737
889.5,2019-02-13T16:26:31Z,42.35168172,-3.68826430
885.4,2019-02-13T16:27:14Z,42.35167126,-3.68853058
881.3,2019-02-13T16:27:17Z,42.35161245,-3.68855591
877.7,2019-02-13T16:27:20Z,42.35153890,-3.68859399
876.3,2019-02-13T16:27:22Z,42.35149691,-3.68862889
876.3,2019-02-13T16:27:25Z,42.35144746,-3.68868731
876.3,2019-02-13T16:27:28Z,42.35140545,-3.68874551
877.5,2019-02-13T16:27:31Z,42.35137147,-3.68880313
878.9,2019-02-13T16:27:34Z,42.35133586,-3.68885518
880.1,2019-02-13T16:27:37Z,42.35130203,-3.68890200
878.9,2019-02-13T16:27:41Z,42.35127682,-3.68896683
877.2,2019-02-13T16:27:45Z,42.35127423,-3.68903190
873.2,2019-02-13T16:27:52Z,42.35132244,-3.68902514
869.8,2019-02-13T16:28:01Z,42.35136174,-3.68897598
869.8,2019-02-13T16:28:06Z,42.35138682,-3.68890931
868.7,2019-02-13T16:28:17Z,42.35155047,-3.68884901
868.7,2019-02-13T16:28:20Z,42.35164712,-3.68883518
868.7,2019-02-13T16:28:23Z,42.35158829,-3.68883387
868.7,2019-02-13T16:28:26Z,42.35149250,-3.68881043
869.9,2019-02-13T16:28:46Z,42.35153161,-3.68879365
869.9,2019-02-13T16:28:49Z,42.35154088,-3.68887335
869.9,2019-02-13T16:28:58Z,42.35154546,-3.68893528
869.9,2019-02-13T16:29:09Z,42.35150850,-3.68897277
871.5,2019-02-13T16:29:27Z,42.35146516,-3.68899865
871.5,2019-02-13T16:29:36Z,42.35141669,-3.68899300
871.5,2019-02-13T16:31:39Z,42.35138848,-3.68904087
869.4,2019-02-13T16:32:51Z,42.35135005,-3.68907313
869.4,2019-02-13T16:33:50Z,42.35133800,-3.68913608
869.4,2019-02-13T16:33:54Z,42.35129340,-3.68912640
870.9,2019-02-13T16:34:01Z,42.35126440,-3.68907904
874.6,2019-02-13T16:43:32Z,42.35126885,-3.68907986
877.9,2019-02-13T16:44:04Z,42.35121814,-3.68908893
877.9,2019-02-13T16:44:14Z,42.35117294,-3.68912231
881.3,2019-02-13T16:52:18Z,42.35132576,-3.68919464
872.2,2019-02-13T17:54:29Z,42.35126968,-3.68902141
875.2,2019-02-13T17:54:32Z,42.35130018,-3.68913029
878.0,2019-02-13T17:54:35Z,42.35130203,-3.68920314
866.1,2019-02-13T18:12:29Z,42.35135268,-3.68927996
862.8,2019-02-13T18:12:32Z,42.35138910,-3.68931818
860.7,2019-02-13T18:12:39Z,42.35143417,-3.68929701
863.6,2019-02-13T18:13:10Z,42.35139391,-3.68926976
862.1,2019-02-13T18:15:07Z,42.35130115,-3.68927952
864.0,2019-02-13T18:22:25Z,42.35131365,-3.68907693
864.0,2019-02-13T18:22:28Z,42.35133170,-3.68898764
861.9,2019-02-13T18:22:39Z,42.35131359,-3.68892596
861.9,2019-02-13T18:22:45Z,42.35129929,-3.68886634
861.9,2019-02-13T18:22:59Z,42.35127514,-3.68891769
861.9,2019-02-13T18:24:23Z,42.35126796,-3.68911793
867.8,2019-02-13T18:24:41Z,42.35131484,-3.68912570
862.5,2019-02-13T18:24:52Z,42.35134341,-3.68907374
860.1,2019-02-13T18:25:02Z,42.35138725,-3.68905169
861.4,2019-02-13T18:25:23Z,42.35134965,-3.68900238
861.4,2019-02-13T18:25:28Z,42.35132036,-3.68894851
861.4,2019-02-13T18:25:39Z,42.35132874,-3.68901978
859.8,2019-02-13T18:25:43Z,42.35131118,-3.68907635
859.8,2019-02-13T18:25:48Z,42.35128504,-3.68913619
859.8,2019-02-13T18:25:54Z,42.35124397,-3.68918029
859.8,2019-02-13T18:25:58Z,42.35119289,-3.68915310
859.8,2019-02-13T18:26:01Z,42.35115366,-3.68911759
859.8,2019-02-13T18:26:04Z,42.35111031,-3.68909647
858.4,2019-02-13T18:26:07Z,42.35104604,-3.68907500
858.4,2019-02-13T18:26:09Z,42.35100170,-3.68905774
860.0,2019-02-13T18:26:12Z,42.35095278,-3.68902871
860.0,2019-02-13T18:26:16Z,42.35090158,-3.68899997
860.0,2019-02-13T18:26:20Z,42.35085406,-3.68901660
860.0,2019-02-13T18:26:24Z,42.35080191,-3.68905065
860.0,2019-02-13T18:26:28Z,42.35074803,-3.68907443
858.8,2019-02-13T18:26:32Z,42.35070928,-3.68912276
858.8,2019-02-13T18:26:36Z,42.35070442,-3.68919566
865.6,2019-02-13T18:27:03Z,42.35068284,-3.68924985
867.5,2019-02-13T18:27:35Z,42.35063002,-3.68925176
867.5,2019-02-13T18:27:39Z,42.35058419,-3.68925829
867.5,2019-02-13T18:27:42Z,42.35053588,-3.68927520
867.5,2019-02-13T18:27:45Z,42.35048483,-3.68928942
867.5,2019-02-13T18:27:48Z,42.35043374,-3.68932722
867.5,2019-02-13T18:27:50Z,42.35040346,-3.68937587
867.5,2019-02-13T18:27:52Z,42.35038406,-3.68943456
865.3,2019-02-13T18:27:54Z,42.35037540,-3.68949609
865.3,2019-02-13T18:27:57Z,42.35036035,-3.68958276
864.2,2019-02-13T18:28:00Z,42.35034256,-3.68966375
862.9,2019-02-13T18:28:03Z,42.35033177,-3.68974098
862.9,2019-02-13T18:28:06Z,42.35032945,-3.68980938
861.2,2019-02-13T18:28:10Z,42.35031817,-3.68988914
861.2,2019-02-13T18:28:13Z,42.35028081,-3.68993801
859.8,2019-02-13T18:28:16Z,42.35022758,-3.68997347
859.8,2019-02-13T18:28:19Z,42.35017322,-3.69001498
859.8,2019-02-13T18:28:22Z,42.35014293,-3.69007794
859.8,2019-02-13T18:28:25Z,42.35011852,-3.69014618
859.8,2019-02-13T18:28:28Z,42.35008772,-3.69020963
859.8,2019-02-13T18:28:31Z,42.35004472,-3.69025842
859.8,2019-02-13T18:28:34Z,42.34999717,-3.69029810
859.8,2019-02-13T18:28:37Z,42.34995557,-3.69034314
859.8,2019-02-13T18:28:40Z,42.34991715,-3.69038961
858.4,2019-02-13T18:28:43Z,42.34987916,-3.69043849
858.4,2019-02-13T18:28:46Z,42.34983771,-3.69048699
858.4,2019-02-13T18:28:49Z,42.34979211,-3.69052879
858.4,2019-02-13T18:28:52Z,42.34975231,-3.69057620
858.4,2019-02-13T18:28:55Z,42.34971757,-3.69062838
858.4,2019-02-13T18:28:58Z,42.34968789,-3.69068365
858.4,2019-02-13T18:29:01Z,42.34966231,-3.69073810
858.4,2019-02-13T18:29:04Z,42.34963438,-3.69078907
858.4,2019-02-13T18:29:07Z,42.34960164,-3.69083832
858.4,2019-02-13T18:29:10Z,42.34956739,-3.69089141
860.5,2019-02-13T18:29:13Z,42.34953449,-3.69094243
860.5,2019-02-13T18:29:16Z,42.34950319,-3.69098765
861.7,2019-02-13T18:29:20Z,42.34946302,-3.69104666
861.7,2019-02-13T18:29:23Z,42.34942777,-3.69108941
861.7,2019-02-13T18:29:26Z,42.34939983,-3.69113799
861.7,2019-02-13T18:29:29Z,42.34937275,-3.69119078
861.7,2019-02-13T18:29:32Z,42.34934541,-3.69124511
861.7,2019-02-13T18:29:36Z,42.34930597,-3.69129751
861.7,2019-02-13T18:29:39Z,42.34928249,-3.69134968
861.7,2019-02-13T18:29:42Z,42.34926348,-3.69141048
861.7,2019-02-13T18:29:45Z,42.34924373,-3.69146840
861.7,2019-02-13T18:29:48Z,42.34922381,-3.69152659
861.7,2019-02-13T18:29:51Z,42.34919991,-3.69158380
861.7,2019-02-13T18:29:54Z,42.34917250,-3.69163550
861.7,2019-02-13T18:29:57Z,42.34914013,-3.69167968
861.7,2019-02-13T18:30:00Z,42.34910914,-3.69172687
861.7,2019-02-13T18:30:03Z,42.34908118,-3.69177742
861.7,2019-02-13T18:30:06Z,42.34905749,-3.69182928
861.7,2019-02-13T18:30:09Z,42.34903203,-3.69188150
861.7,2019-02-13T18:30:12Z,42.34900513,-3.69193220
861.7,2019-02-13T18:30:16Z,42.34897153,-3.69199737
862.8,2019-02-13T18:30:42Z,42.34894119,-3.69204261
862.8,2019-02-13T18:30:46Z,42.34890594,-3.69209199
862.8,2019-02-13T18:30:50Z,42.34886306,-3.69214922
862.8,2019-02-13T18:30:53Z,42.34882628,-3.69219334
862.8,2019-02-13T18:30:56Z,42.34879403,-3.69223982
862.8,2019-02-13T18:30:59Z,42.34876736,-3.69229102
862.8,2019-02-13T18:31:02Z,42.34873641,-3.69233682
862.8,2019-02-13T18:31:05Z,42.34870706,-3.69238466
862.8,2019-02-13T18:31:09Z,42.34866124,-3.69241494
862.8,2019-02-13T18:31:12Z,42.34862482,-3.69245674
863.9,2019-02-13T18:31:15Z,42.34859237,-3.69251196
863.9,2019-02-13T18:31:18Z,42.34856052,-3.69256800
863.9,2019-02-13T18:31:21Z,42.34852636,-3.69261562
865.3,2019-02-13T18:31:24Z,42.34849410,-3.69266031
865.3,2019-02-13T18:31:27Z,42.34846660,-3.69271368
866.4,2019-02-13T18:31:30Z,42.34844121,-3.69276762
866.4,2019-02-13T18:31:33Z,42.34841314,-3.69282274
867.9,2019-02-13T18:31:36Z,42.34837486,-3.69286729
869.0,2019-02-13T18:31:39Z,42.34833028,-3.69289504
869.0,2019-02-13T18:31:42Z,42.34828459,-3.69291615
870.3,2019-02-13T18:31:45Z,42.34825363,-3.69296695
870.3,2019-02-13T18:31:48Z,42.34822424,-3.69302392
870.3,2019-02-13T18:31:51Z,42.34821579,-3.69309746
870.3,2019-02-13T18:31:54Z,42.34822418,-3.69317527
870.3,2019-02-13T18:31:57Z,42.34821741,-3.69324586
870.3,2019-02-13T18:32:00Z,42.34819464,-3.69330619
870.3,2019-02-13T18:32:03Z,42.34816567,-3.69336214
870.3,2019-02-13T18:32:06Z,42.34814280,-3.69341864
871.4,2019-02-13T18:32:09Z,42.34812922,-3.69347888
871.4,2019-02-13T18:32:12Z,42.34810576,-3.69353362
872.5,2019-02-13T18:32:15Z,42.34806278,-3.69357676
872.5,2019-02-13T18:32:18Z,42.34803591,-3.69362906
873.7,2019-02-13T18:32:22Z,42.34803630,-3.69370044
873.7,2019-02-13T18:32:26Z,42.34802065,-3.69377545
873.7,2019-02-13T18:32:29Z,42.34798087,-3.69382394
873.7,2019-02-13T18:32:32Z,42.34794624,-3.69387724
875.2,2019-02-13T18:32:35Z,42.34792206,-3.69393687
875.2,2019-02-13T18:32:38Z,42.34789638,-3.69399440
875.2,2019-02-13T18:32:41Z,42.34786522,-3.69404906
875.2,2019-02-13T18:32:44Z,42.34781547,-3.69408729
875.2,2019-02-13T18:32:47Z,42.34775523,-3.69410891
876.7,2019-02-13T18:32:50Z,42.34769959,-3.69414688
876.7,2019-02-13T18:32:53Z,42.34765788,-3.69419063
876.7,2019-02-13T18:32:56Z,42.34763729,-3.69424612
876.7,2019-02-13T18:32:59Z,42.34761207,-3.69430235
876.7,2019-02-13T18:33:02Z,42.34758013,-3.69435543
874.6,2019-02-13T18:33:05Z,42.34754217,-3.69439107
874.6,2019-02-13T18:33:08Z,42.34749517,-3.69438954
874.6,2019-02-13T18:33:11Z,42.34744631,-3.69439577
874.6,2019-02-13T18:33:14Z,42.34741132,-3.69443902
874.6,2019-02-13T18:33:17Z,42.34737167,-3.69448221
874.6,2019-02-13T18:33:20Z,42.34732466,-3.69450884
874.6,2019-02-13T18:33:23Z,42.34727388,-3.69451917
874.6,2019-02-13T18:33:26Z,42.34722658,-3.69454000
873.5,2019-02-13T18:33:29Z,42.34718719,-3.69458080
873.5,2019-02-13T18:33:32Z,42.34716000,-3.69463959
872.4,2019-02-13T18:33:35Z,42.34713036,-3.69468984
872.4,2019-02-13T18:33:38Z,42.34709678,-3.69473356
872.4,2019-02-13T18:33:41Z,42.34706383,-3.69477750
869.2,2019-02-13T18:33:45Z,42.34702336,-3.69483006
866.6,2019-02-13T18:33:49Z,42.34698452,-3.69486996
865.2,2019-02-13T18:33:53Z,42.34694112,-3.69491476
865.2,2019-02-13T18:33:56Z,42.34690159,-3.69495299
865.2,2019-02-13T18:33:59Z,42.34685541,-3.69497978
865.2,2019-02-13T18:34:02Z,42.34680987,-3.69501219
866.4,2019-02-13T18:34:05Z,42.34676604,-3.69505523
866.4,2019-02-13T18:34:08Z,42.34671944,-3.69508865
866.4,2019-02-13T18:34:11Z,42.34667799,-3.69512232
866.4,2019-02-13T18:34:15Z,42.34663089,-3.69516564
867.5,2019-02-13T18:34:19Z,42.34657728,-3.69518509
867.5,2019-02-13T18:34:23Z,42.34652753,-3.69521450
867.5,2019-02-13T18:34:27Z,42.34648725,-3.69525602
867.5,2019-02-13T18:34:31Z,42.34644240,-3.69529612
867.5,2019-02-13T18:34:34Z,42.34639732,-3.69530881
867.5,2019-02-13T18:34:37Z,42.34635186,-3.69529698
866.2,2019-02-13T18:34:41Z,42.34629874,-3.69527976
866.2,2019-02-13T18:34:44Z,42.34626522,-3.69532075
866.2,2019-02-13T18:34:47Z,42.34623942,-3.69537677
864.8,2019-02-13T18:34:50Z,42.34621974,-3.69543868
864.8,2019-02-13T18:34:53Z,42.34618874,-3.69549189
864.8,2019-02-13T18:34:56Z,42.34614789,-3.69553790
864.8,2019-02-13T18:34:59Z,42.34609845,-3.69556450
864.8,2019-02-13T18:35:02Z,42.34604676,-3.69557074
864.8,2019-02-13T18:35:05Z,42.34600088,-3.69559547
864.8,2019-02-13T18:35:08Z,42.34595687,-3.69561264
864.8,2019-02-13T18:35:12Z,42.34589889,-3.69560114
864.8,2019-02-13T18:35:15Z,42.34585196,-3.69561440
864.8,2019-02-13T18:35:18Z,42.34580939,-3.69565032
864.8,2019-02-13T18:35:21Z,42.34577065,-3.69569930
864.8,2019-02-13T18:35:24Z,42.34573281,-3.69574804
864.8,2019-02-13T18:35:27Z,42.34569601,-3.69579600
864.8,2019-02-13T18:35:31Z,42.34564460,-3.69582414
862.7,2019-02-13T18:35:34Z,42.34561006,-3.69586744
860.3,2019-02-13T18:35:38Z,42.34557427,-3.69591286
859.2,2019-02-13T18:35:42Z,42.34553448,-3.69596802
859.2,2019-02-13T18:35:45Z,42.34549819,-3.69601081
859.2,2019-02-13T18:35:48Z,42.34546012,-3.69605476
859.2,2019-02-13T18:35:51Z,42.34541938,-3.69608724
859.2,2019-02-13T18:35:54Z,42.34538139,-3.69612350
859.2,2019-02-13T18:35:57Z,42.34535121,-3.69617749
859.2,2019-02-13T18:36:00Z,42.34531568,-3.69621795
859.2,2019-02-13T18:36:03Z,42.34527195,-3.69623810
858.1,2019-02-13T18:36:06Z,42.34522666,-3.69625924
858.1,2019-02-13T18:36:09Z,42.34518061,-3.69627713
858.1,2019-02-13T18:36:12Z,42.34514063,-3.69630772
858.1,2019-02-13T18:36:15Z,42.34511561,-3.69636413
858.1,2019-02-13T18:36:18Z,42.34509277,-3.69642411
858.1,2019-02-13T18:36:21Z,42.34505862,-3.69647125
858.1,2019-02-13T18:36:24Z,42.34501941,-3.69651152
858.1,2019-02-13T18:36:27Z,42.34498575,-3.69655538
856.7,2019-02-13T18:36:30Z,42.34495183,-3.69659645
856.7,2019-02-13T18:36:33Z,42.34492641,-3.69665041
854.9,2019-02-13T18:36:36Z,42.34489748,-3.69671057
854.9,2019-02-13T18:36:39Z,42.34486964,-3.69676765
853.8,2019-02-13T18:36:42Z,42.34484888,-3.69682571
853.8,2019-02-13T18:36:45Z,42.34482105,-3.69687711
852.6,2019-02-13T18:36:48Z,42.34478155,-3.69691793
852.6,2019-02-13T18:36:51Z,42.34473962,-3.69695938
851.3,2019-02-13T18:36:54Z,42.34470437,-3.69700136
851.3,2019-02-13T18:36:58Z,42.34466305,-3.69705806
850.2,2019-02-13T18:37:02Z,42.34462739,-3.69711443
850.2,2019-02-13T18:37:06Z,42.34459447,-3.69717263
850.2,2019-02-13T18:37:10Z,42.34455658,-3.69723190
850.2,2019-02-13T18:37:13Z,42.34451423,-3.69726501
850.2,2019-02-13T18:37:16Z,42.34446470,-3.69728799
850.2,2019-02-13T18:37:19Z,42.34441180,-3.69730656
849.1,2019-02-13T18:37:22Z,42.34436316,-3.69732809
849.1,2019-02-13T18:37:25Z,42.34431364,-3.69734634
849.1,2019-02-13T18:37:28Z,42.34426923,-3.69736003
849.1,2019-02-13T18:37:32Z,42.34421014,-3.69736707
850.4,2019-02-13T18:37:36Z,42.34415317,-3.69737835
851.5,2019-02-13T18:37:40Z,42.34410299,-3.69741337
852.7,2019-02-13T18:37:44Z,42.34405312,-3.69743750
853.9,2019-02-13T18:37:47Z,42.34400762,-3.69744434
855.1,2019-02-13T18:37:50Z,42.34395687,-3.69743865
856.2,2019-02-13T18:37:53Z,42.34390395,-3.69743266
856.2,2019-02-13T18:37:56Z,42.34385518,-3.69744501
857.9,2019-02-13T18:37:59Z,42.34380741,-3.69747068
859.0,2019-02-13T18:38:02Z,42.34375825,-3.69749363
860.4,2019-02-13T18:38:06Z,42.34370797,-3.69749148
860.4,2019-02-13T18:38:11Z,42.34369878,-3.69741647
862.6,2019-02-13T18:38:15Z,42.34369661,-3.69733969
862.6,2019-02-13T18:38:22Z,42.34365310,-3.69730210
862.6,2019-02-13T18:38:26Z,42.34365526,-3.69723502
862.6,2019-02-13T18:38:29Z,42.34366823,-3.69717349
862.6,2019-02-13T18:38:32Z,42.34365525,-3.69711131
862.6,2019-02-13T18:38:35Z,42.34361694,-3.69706667
862.6,2019-02-13T18:38:38Z,42.34356484,-3.69704539
862.6,2019-02-13T18:38:41Z,42.34350785,-3.69702534
862.6,2019-02-13T18:38:44Z,42.34345065,-3.69700054
862.6,2019-02-13T18:38:47Z,42.34340058,-3.69696677
862.6,2019-02-13T18:38:50Z,42.34335454,-3.69692832
862.6,2019-02-13T18:38:53Z,42.34331213,-3.69688239
862.6,2019-02-13T18:38:56Z,42.34326996,-3.69683311
862.6,2019-02-13T18:38:59Z,42.34323057,-3.69678239
862.6,2019-02-13T18:39:02Z,42.34318848,-3.69674257
862.6,2019-02-13T18:39:05Z,42.34314369,-3.69671784
861.3,2019-02-13T18:39:08Z,42.34309782,-3.69669219
861.3,2019-02-13T18:39:11Z,42.34305441,-3.69667192
861.3,2019-02-13T18:39:15Z,42.34299793,-3.69667673
861.3,2019-02-13T18:39:19Z,42.34294073,-3.69669529
862.4,2019-02-13T18:39:22Z,42.34289033,-3.69669000
862.4,2019-02-13T18:39:25Z,42.34284049,-3.69668410
862.4,2019-02-13T18:39:28Z,42.34279039,-3.69668092
863.5,2019-02-13T18:39:31Z,42.34273977,-3.69668270
863.5,2019-02-13T18:39:34Z,42.34269027,-3.69669095
863.5,2019-02-13T18:39:37Z,42.34263906,-3.69668488
863.5,2019-02-13T18:39:40Z,42.34259028,-3.69667011
863.5,2019-02-13T18:39:43Z,42.34254076,-3.69665853
863.5,2019-02-13T18:39:46Z,42.34249271,-3.69665499
866.0,2019-02-13T18:39:49Z,42.34244458,-3.69665460
867.3,2019-02-13T18:39:52Z,42.34239507,-3.69665659
867.3,2019-02-13T18:39:55Z,42.34234064,-3.69664976
867.3,2019-02-13T18:39:58Z,42.34228973,-3.69664989
867.3,2019-02-13T18:40:01Z,42.34224270,-3.69664099
868.4,2019-02-13T18:40:04Z,42.34219733,-3.69664456
868.4,2019-02-13T18:40:07Z,42.34215104,-3.69665595
868.4,2019-02-13T18:40:10Z,42.34210074,-3.69666169
868.4,2019-02-13T18:40:13Z,42.34205399,-3.69665725
868.4,2019-02-13T18:40:16Z,42.34200834,-3.69666756
868.4,2019-02-13T18:40:19Z,42.34196003,-3.69668088
868.4,2019-02-13T18:40:22Z,42.34191423,-3.69670133
868.4,2019-02-13T18:40:26Z,42.34185545,-3.69671303
868.4,2019-02-13T18:40:29Z,42.34180607,-3.69671288
869.5,2019-02-13T18:40:32Z,42.34175541,-3.69670943
869.5,2019-02-13T18:40:35Z,42.34170755,-3.69671559
868.2,2019-02-13T18:40:38Z,42.34166220,-3.69673495
868.2,2019-02-13T18:40:42Z,42.34161517,-3.69675766
868.2,2019-02-13T18:41:06Z,42.34156511,-3.69677412
868.2,2019-02-13T18:41:10Z,42.34150788,-3.69677387
868.2,2019-02-13T18:41:14Z,42.34145272,-3.69676820
868.2,2019-02-13T18:41:18Z,42.34139860,-3.69679081
868.2,2019-02-13T18:41:22Z,42.34134074,-3.69680010
868.2,2019-02-13T18:41:25Z,42.34129088,-3.69681354
868.2,2019-02-13T18:41:28Z,42.34123846,-3.69681512
866.7,2019-02-13T18:41:31Z,42.34118414,-3.69683304
865.4,2019-02-13T18:41:34Z,42.34113304,-3.69686807
864.3,2019-02-13T18:41:37Z,42.34107898,-3.69688486
864.3,2019-02-13T18:41:40Z,42.34102477,-3.69688375
864.3,2019-02-13T18:41:43Z,42.34097778,-3.69688268
864.3,2019-02-13T18:41:47Z,42.34093342,-3.69686010
864.3,2019-02-13T18:41:51Z,42.34088213,-3.69682780
863.1,2019-02-13T18:41:54Z,42.34083863,-3.69680826
863.1,2019-02-13T18:41:57Z,42.34079380,-3.69679038
863.1,2019-02-13T18:42:00Z,42.34074999,-3.69677375
863.1,2019-02-13T18:42:04Z,42.34069544,-3.69676591
863.1,2019-02-13T18:42:08Z,42.34064256,-3.69675266
861.9,2019-02-13T18:42:12Z,42.34058681,-3.69673078
861.9,2019-02-13T18:42:15Z,42.34054200,-3.69671261
861.9,2019-02-13T18:42:18Z,42.34049460,-3.69669180
861.9,2019-02-13T18:42:21Z,42.34044705,-3.69667129
861.9,2019-02-13T18:42:24Z,42.34039981,-3.69666099
861.9,2019-02-13T18:42:27Z,42.34035400,-3.69664860
861.9,2019-02-13T18:42:30Z,42.34030615,-3.69663768
861.9,2019-02-13T18:42:33Z,42.34025327,-3.69663694
861.9,2019-02-13T18:42:36Z,42.34020188,-3.69663547
861.9,2019-02-13T18:42:39Z,42.34015156,-3.69662801
861.9,2019-02-13T18:42:42Z,42.34010278,-3.69661554
861.9,2019-02-13T18:42:45Z,42.34005522,-3.69659774
861.9,2019-02-13T18:42:48Z,42.34000742,-3.69658174
860.7,2019-02-13T18:42:51Z,42.33995690,-3.69656944
860.7,2019-02-13T18:42:54Z,42.33990733,-3.69655471
859.5,2019-02-13T18:42:58Z,42.33985082,-3.69653274
859.5,2019-02-13T18:43:01Z,42.33980561,-3.69653071
859.5,2019-02-13T18:43:04Z,42.33975408,-3.69653355
859.5,2019-02-13T18:43:07Z,42.33970369,-3.69654338
859.5,2019-02-13T18:43:10Z,42.33965602,-3.69654970
859.5,2019-02-13T18:43:13Z,42.33960910,-3.69654493
859.5,2019-02-13T18:43:16Z,42.33956393,-3.69653275
859.5,2019-02-13T18:43:20Z,42.33950811,-3.69650943
859.5,2019-02-13T18:43:24Z,42.33945198,-3.69650039
861.0,2019-02-13T18:43:28Z,42.33939707,-3.69651395
861.0,2019-02-13T18:43:31Z,42.33935241,-3.69652167
861.0,2019-02-13T18:43:35Z,42.33929342,-3.69651166
862.3,2019-02-13T18:43:38Z,42.33924706,-3.69648347
862.3,2019-02-13T18:43:41Z,42.33919707,-3.69646135
862.3,2019-02-13T18:43:44Z,42.33914816,-3.69644998
863.4,2019-02-13T18:43:47Z,42.33909628,-3.69642788
864.7,2019-02-13T18:43:50Z,42.33904100,-3.69640444
865.9,2019-02-13T18:43:53Z,42.33898997,-3.69639730
865.9,2019-02-13T18:43:56Z,42.33894454,-3.69640225
867.1,2019-02-13T18:43:59Z,42.33889785,-3.69640005
868.9,2019-02-13T18:44:02Z,42.33884922,-3.69638600
870.5,2019-02-13T18:44:05Z,42.33880120,-3.69637945
872.5,2019-02-13T18:44:09Z,42.33874982,-3.69639553
872.5,2019-02-13T18:44:13Z,42.33870688,-3.69641568
872.5,2019-02-13T18:44:16Z,42.33865538,-3.69640436
872.5,2019-02-13T18:44:19Z,42.33859913,-3.69639169
870.8,2019-02-13T18:44:23Z,42.33855346,-3.69640157
872.0,2019-02-13T18:44:28Z,42.33855258,-3.69646684
874.6,2019-02-13T18:44:32Z,42.33855009,-3.69653479
876.7,2019-02-13T18:44:36Z,42.33851139,-3.69658371
878.6,2019-02-13T18:44:40Z,42.33846022,-3.69661802
880.3,2019-02-13T18:44:44Z,42.33841570,-3.69666685
880.3,2019-02-13T18:44:47Z,42.33840503,-3.69673191
882.2,2019-02-13T18:44:50Z,42.33840477,-3.69680591
883.3,2019-02-13T18:44:53Z,42.33839923,-3.69687511
883.3,2019-02-13T18:44:56Z,42.33839695,-3.69693852
883.3,2019-02-13T18:44:59Z,42.33840127,-3.69700842
883.3,2019-02-13T18:45:03Z,42.33839826,-3.69708214
884.5,2019-02-13T18:45:09Z,42.33843005,-3.69713443
884.5,2019-02-13T18:45:12Z,42.33845324,-3.69719672
885.7,2019-02-13T18:45:16Z,42.33849098,-3.69723476
887.2,2019-02-13T18:46:26Z,42.33841225,-3.69732746
887.2,2019-02-13T18:46:33Z,42.33845984,-3.69733888
887.2,2019-02-13T18:46:43Z,42.33848875,-3.69729114
883.3,2019-02-13T18:46:57Z,42.33844875,-3.69725123
881.9,2019-02-13T18:47:00Z,42.33838797,-3.69726029
880.6,2019-02-13T18:47:08Z,42.33834289,-3.69725353
880.6,2019-02-13T18:48:23Z,42.33839017,-3.69727987
880.6,2019-02-13T18:48:28Z,42.33839007,-3.69734328
880.6,2019-02-13T18:48:31Z,42.33843545,-3.69736627
883.1,2019-02-13T18:48:41Z,42.33848074,-3.69736847
885.0,2019-02-13T18:48:50Z,42.33851729,-3.69732746
882.6,2019-02-13T18:49:48Z,42.33846540,-3.69729101
879.2,2019-02-13T18:49:51Z,42.33841332,-3.69726905
877.1,2019-02-13T18:49:56Z,42.33837477,-3.69722532
877.1,2019-02-13T18:50:18Z,42.33835770,-3.69729213
875.2,2019-02-13T18:51:43Z,42.33840120,-3.69727227
875.2,2019-02-13T18:52:35Z,42.33835557,-3.69729209
875.2,2019-02-13T18:53:35Z,42.33837168,-3.69723194
875.2,2019-02-13T18:54:46Z,42.33848449,-3.69729184
877.1,2019-02-13T18:54:48Z,42.33853379,-3.69733346
883.6,2019-02-13T18:54:53Z,42.33856397,-3.69737998
888.2,2019-02-13T18:55:11Z,42.33860759,-3.69736495
897.6,2019-02-13T20:18:05Z,42.33856478,-3.69734604
897.6,2019-02-13T20:25:50Z,42.33852602,-3.69737693
897.6,2019-02-13T21:22:34Z,42.33856985,-3.69739111
902.5,2019-02-13T21:36:17Z,42.33855277,-3.69731817
866.7,2019-02-15T18:07:17Z,42.35114776,-3.68902400
858.2,2019-02-15T18:20:18Z,42.34375739,-3.69752380
858.2,2019-02-15T18:20:29Z,42.34368687,-3.69726532
858.2,2019-02-15T18:20:40Z,42.34360179,-3.69719555
858.2,2019-02-15T18:23:00Z,42.34187770,-3.69644396
858.2,2019-02-15T18:23:11Z,42.34173283,-3.69656426
858.2,2019-02-15T18:26:58Z,42.33855486,-3.69657017
858.2,2019-02-15T18:27:09Z,42.33855874,-3.69680016
858.2,2019-02-15T18:27:20Z,42.33854906,-3.69697918
858.2,2019-02-15T18:27:31Z,42.33853248,-3.69708528
858.2,2019-02-15T18:27:40Z,42.33852626,-3.69716021
858.2,2019-02-15T18:27:53Z,42.33848468,-3.69729583
858.2,2019-02-15T19:36:23Z,42.33852335,-3.69727873
857.0,2019-02-15T19:39:33Z,42.33851555,-3.69733884
857.0,2019-02-15T19:41:49Z,42.33849223,-3.69727380
857.0,2019-02-15T19:42:05Z,42.33847800,-3.69733258
857.0,2019-02-15T19:43:16Z,42.33852514,-3.69733425
857.0,2019-02-15T19:46:33Z,42.33847573,-3.69733608
857.0,2019-02-15T19:47:20Z,42.33843222,-3.69735359
859.5,2019-02-15T19:48:00Z,42.33848100,-3.69733849
857.5,2019-02-15T19:48:48Z,42.33852543,-3.69735451
857.5,2019-02-15T19:48:59Z,42.33847879,-3.69734492
857.5,2019-02-15T19:49:52Z,42.33852509,-3.69731936
857.5,2019-02-15T19:59:12Z,42.33847923,-3.69734209
857.5,2019-02-15T20:00:37Z,42.33852483,-3.69734387
857.5,2019-02-15T20:16:30Z,42.33847424,-3.69733677
857.5,2019-02-15T20:19:00Z,42.33852044,-3.69733635
859.1,2019-02-15T20:29:41Z,42.33846964,-3.69733565
861.0,2019-02-15T20:30:03Z,42.33851523,-3.69733151
857.0,2019-02-15T21:15:21Z,42.33848244,-3.69735425
